total bytes,data bytes,header bytes,runtime,
10454,10252,202,0.01530599594116211,
10454,10252,202,0.017711877822875977,
10454,10252,202,0.04944491386413574,
10454,10252,202,0.12299704551696777,
10454,10252,202,0.013859033584594727,
10454,10252,202,0.13081598281860352,
10454,10252,202,0.01528310775756836,
10454,10252,202,0.013278961181640625,
10454,10252,202,0.011826038360595703,
10454,10252,202,0.010982990264892578,
10454,10252,202,0.00972890853881836,
10454,10252,202,0.010987997055053711,
10454,10252,202,0.011555910110473633,
10454,10252,202,0.012970924377441406,
10454,10252,202,0.012014150619506836,
10454,10252,202,0.01163792610168457,
10454,10252,202,0.011146068572998047,
10454,10252,202,0.012558937072753906,
10454,10252,202,0.013016939163208008,
10454,10252,202,0.009168863296508789,
10454,10252,202,0.01254892349243164,
10454,10252,202,0.0101318359375,
10454,10252,202,0.010338783264160156,
10454,10252,202,0.012014150619506836,
10454,10252,202,0.013921022415161133,
10454,10252,202,0.011569976806640625,
10454,10252,202,0.010090112686157227,
10454,10252,202,0.011163949966430664,
10454,10252,202,0.011948108673095703,
10454,10252,202,0.013362884521484375,
10454,10252,202,0.011435985565185547,
10454,10252,202,0.012230873107910156,
10454,10252,202,0.12858200073242188,
10454,10252,202,0.02359294891357422,
10454,10252,202,0.013334989547729492,
10454,10252,202,0.010654926300048828,
10454,10252,202,0.01256108283996582,
10454,10252,202,0.015172958374023438,
10454,10252,202,0.012994050979614258,
10454,10252,202,0.013802051544189453,
10454,10252,202,0.12136387825012207,
10454,10252,202,0.012228012084960938,
10454,10252,202,0.017615079879760742,
10454,10252,202,0.012033939361572266,
10454,10252,202,0.010516881942749023,
10454,10252,202,0.012552022933959961,
10454,10252,202,0.011314868927001953,
10454,10252,202,0.011110067367553711,
10454,10252,202,0.01991891860961914,
10454,10252,202,0.011294126510620117,
10454,10252,202,0.011494874954223633,
10454,10252,202,0.010695934295654297,
10454,10252,202,0.011752128601074219,
10454,10252,202,0.014081954956054688,
10454,10252,202,0.010284185409545898,
10454,10252,202,0.009985923767089844,
10454,10252,202,0.02065300941467285,
10454,10252,202,0.01442098617553711,
10454,10252,202,0.014838933944702148,
10454,10252,202,0.015234947204589844,
10454,10252,202,0.030340909957885742,
10454,10252,202,0.021760940551757812,
10454,10252,202,0.030453920364379883,
10454,10252,202,0.012742042541503906,
10454,10252,202,0.018957138061523438,
10454,10252,202,0.013682126998901367,
10454,10252,202,0.019320011138916016,
10454,10252,202,0.02297520637512207,
10454,10252,202,0.02050614356994629,
10454,10252,202,0.015871047973632812,
10454,10252,202,0.015664100646972656,
10454,10252,202,0.022542953491210938,
10454,10252,202,0.0177609920501709,
10454,10252,202,0.17605996131896973,
10454,10252,202,0.011837005615234375,
10454,10252,202,0.01249384880065918,
10454,10252,202,0.020219087600708008,
10454,10252,202,0.01622796058654785,
10454,10252,202,0.012335062026977539,
10454,10252,202,0.019756078720092773,
10454,10252,202,0.013883829116821289,
10454,10252,202,0.02386784553527832,
10454,10252,202,0.017520904541015625,
10454,10252,202,0.016332149505615234,
10454,10252,202,0.02402496337890625,
10454,10252,202,0.015776872634887695,
10454,10252,202,0.014396905899047852,
10454,10252,202,0.0163881778717041,
10454,10252,202,0.016071081161499023,
10454,10252,202,0.013796091079711914,
10454,10252,202,0.014528989791870117,
10454,10252,202,0.011257171630859375,
10454,10252,202,0.015375137329101562,
10454,10252,202,0.011253118515014648,
10454,10252,202,0.012182950973510742,
10454,10252,202,0.022285938262939453,
10454,10252,202,0.012166976928710938,
10454,10252,202,0.012866973876953125,
10454,10252,202,0.023296117782592773,
10454,10252,202,0.012521028518676758,
10454,10252,202,0.016577959060668945,
10454,10252,202,0.016013145446777344,
10454,10252,202,0.013895988464355469,
10454,10252,202,0.0174710750579834,
10454,10252,202,0.016195058822631836,
10454,10252,202,0.029766082763671875,
10454,10252,202,0.01671004295349121,
10454,10252,202,0.022097110748291016,
10454,10252,202,0.013502120971679688,
10454,10252,202,0.01128697395324707,
10454,10252,202,0.017257213592529297,
10454,10252,202,0.012037038803100586,
10454,10252,202,0.023426055908203125,
10454,10252,202,0.015543937683105469,
10454,10252,202,0.018175840377807617,
10454,10252,202,0.012287139892578125,
10454,10252,202,0.013042926788330078,
10454,10252,202,0.01522684097290039,
10454,10252,202,0.00946807861328125,
10454,10252,202,0.010243892669677734,
10454,10252,202,0.017187118530273438,
10454,10252,202,0.013998031616210938,
10454,10252,202,0.014266014099121094,
10454,10252,202,0.009415864944458008,
10454,10252,202,0.00898289680480957,
10454,10252,202,0.008275985717773438,
10454,10252,202,0.017561912536621094,
10454,10252,202,0.009203910827636719,
10454,10252,202,0.012799978256225586,
10454,10252,202,0.009824991226196289,
10454,10252,202,0.011004209518432617,
10454,10252,202,0.011291980743408203,
10454,10252,202,0.009325981140136719,
10454,10252,202,0.009458065032958984,
10454,10252,202,0.008836030960083008,
10454,10252,202,0.011554956436157227,
10454,10252,202,0.012761116027832031,
10454,10252,202,0.010584115982055664,
10454,10252,202,0.016112089157104492,
10454,10252,202,0.01038980484008789,
10454,10252,202,0.010032176971435547,
10454,10252,202,0.009729862213134766,
10454,10252,202,0.00964498519897461,
10454,10252,202,0.011586904525756836,
10454,10252,202,0.010931968688964844,
10454,10252,202,0.014353036880493164,
10454,10252,202,0.011382818222045898,
10454,10252,202,0.013529062271118164,
10454,10252,202,0.014683008193969727,
10454,10252,202,0.0136871337890625,
10454,10252,202,0.009504079818725586,
10454,10252,202,0.0292508602142334,
10454,10252,202,0.020280122756958008,
10454,10252,202,0.011842012405395508,
10454,10252,202,0.011088132858276367,
10454,10252,202,0.010689020156860352,
10454,10252,202,0.01088404655456543,
10454,10252,202,0.013149023056030273,
10454,10252,202,0.008952140808105469,
10454,10252,202,0.013196945190429688,
10454,10252,202,0.011059999465942383,
10454,10252,202,0.01241302490234375,
10454,10252,202,0.017109155654907227,
10454,10252,202,0.008323907852172852,
10454,10252,202,0.008008003234863281,
10454,10252,202,0.01285696029663086,
10454,10252,202,0.010891914367675781,
10454,10252,202,0.012578010559082031,
10454,10252,202,0.012145042419433594,
10454,10252,202,0.008989095687866211,
10454,10252,202,0.008355855941772461,
10454,10252,202,0.019134998321533203,
10454,10252,202,0.012251138687133789,
10454,10252,202,0.011580944061279297,
10454,10252,202,0.013948917388916016,
10454,10252,202,0.010921001434326172,
10454,10252,202,0.013674020767211914,
10454,10252,202,0.014637947082519531,
10454,10252,202,0.014434099197387695,
10454,10252,202,0.012439966201782227,
10454,10252,202,0.01328587532043457,
10454,10252,202,0.011279106140136719,
10454,10252,202,0.011833906173706055,
10454,10252,202,0.016231060028076172,
10454,10252,202,0.014059066772460938,
10454,10252,202,0.014966964721679688,
10454,10252,202,0.01099395751953125,
10454,10252,202,0.018426895141601562,
10454,10252,202,0.012547016143798828,
10454,10252,202,0.013509988784790039,
10454,10252,202,0.011183977127075195,
10454,10252,202,0.02544403076171875,
10454,10252,202,0.012003898620605469,
10454,10252,202,0.014465093612670898,
10454,10252,202,0.017100095748901367,
10454,10252,202,0.0177609920501709,
10454,10252,202,0.012993097305297852,
10454,10252,202,0.013724803924560547,
10454,10252,202,0.011761188507080078,
10454,10252,202,0.01250004768371582,
10454,10252,202,0.009346961975097656,
10454,10252,202,0.009966850280761719,
10454,10252,202,0.015373945236206055,
10454,10252,202,0.020689964294433594,
10454,10252,202,0.015357017517089844,
10454,10252,202,0.01323699951171875,
10454,10252,202,0.024204015731811523,
10454,10252,202,0.01285099983215332,
10454,10252,202,0.016640901565551758,
10454,10252,202,0.014719009399414062,
10454,10252,202,0.03300285339355469,
10454,10252,202,0.01610589027404785,
10454,10252,202,0.01123189926147461,
10454,10252,202,0.016791820526123047,
10454,10252,202,0.01463007926940918,
10454,10252,202,0.01552581787109375,
10454,10252,202,0.014322996139526367,
10454,10252,202,0.013561010360717773,
10454,10252,202,0.014215946197509766,
10454,10252,202,0.014019012451171875,
10454,10252,202,0.010939836502075195,
10454,10252,202,0.016839027404785156,
10454,10252,202,0.016983985900878906,
10454,10252,202,0.012274980545043945,
10454,10252,202,0.011735916137695312,
10454,10252,202,0.013087987899780273,
10454,10252,202,0.011966943740844727,
10454,10252,202,0.013267040252685547,
10454,10252,202,0.010159015655517578,
10454,10252,202,0.019058942794799805,
10454,10252,202,0.010144948959350586,
10454,10252,202,0.012814998626708984,
10454,10252,202,0.01297307014465332,
10454,10252,202,0.014597892761230469,
10454,10252,202,0.015117883682250977,
10454,10252,202,0.016859054565429688,
10454,10252,202,0.010179996490478516,
10454,10252,202,0.011015176773071289,
10454,10252,202,0.01996898651123047,
10454,10252,202,0.012396097183227539,
10454,10252,202,0.009428024291992188,
10454,10252,202,0.016516923904418945,
10454,10252,202,0.01031494140625,
10454,10252,202,0.018580198287963867,
10454,10252,202,0.01263117790222168,
10454,10252,202,0.010741949081420898,
10454,10252,202,0.016112089157104492,
10454,10252,202,0.011246204376220703,
10454,10252,202,0.028599023818969727,
10454,10252,202,0.0197451114654541,
10454,10252,202,0.01007699966430664,
10454,10252,202,0.017940998077392578,
10454,10252,202,0.022222042083740234,
10454,10252,202,0.011670827865600586,
10454,10252,202,0.013150930404663086,
10454,10252,202,0.01580500602722168,
10454,10252,202,0.01891613006591797,
10454,10252,202,0.01835489273071289,
10454,10252,202,0.014913082122802734,
10454,10252,202,0.0211179256439209,
10454,10252,202,0.050599098205566406,
10454,10252,202,0.04865384101867676,
10454,10252,202,0.034852027893066406,
10454,10252,202,0.03649091720581055,
10454,10252,202,0.017431974411010742,
10454,10252,202,0.018762826919555664,
10454,10252,202,0.009989023208618164,
10454,10252,202,0.012897014617919922,
10454,10252,202,0.018832921981811523,
10454,10252,202,0.021537065505981445,
10454,10252,202,0.018815994262695312,
10454,10252,202,0.011152982711791992,
10454,10252,202,0.016746997833251953,
10454,10252,202,0.01209115982055664,
10454,10252,202,0.019449949264526367,
10454,10252,202,0.019418954849243164,
10454,10252,202,0.038619041442871094,
10454,10252,202,0.02613210678100586,
10454,10252,202,0.024858951568603516,
10454,10252,202,0.016646146774291992,
10454,10252,202,0.021251916885375977,
10454,10252,202,0.10031700134277344,
10454,10252,202,0.028614044189453125,
10454,10252,202,0.022279024124145508,
10454,10252,202,0.04104804992675781,
10454,10252,202,0.11028599739074707,
10454,10252,202,0.051299095153808594,
10454,10252,202,0.06908297538757324,
10454,10252,202,0.052475929260253906,
10454,10252,202,0.04534912109375,
10454,10252,202,0.05024600028991699,
10454,10252,202,0.050891876220703125,
10454,10252,202,0.06389904022216797,
10454,10252,202,0.09480500221252441,
10454,10252,202,0.06995201110839844,
10454,10252,202,0.048291921615600586,
10454,10252,202,0.04825901985168457,
10454,10252,202,0.0899350643157959,
10454,10252,202,0.07759308815002441,
10454,10252,202,0.059912919998168945,
10454,10252,202,0.059803009033203125,
10454,10252,202,0.04260587692260742,
10454,10252,202,0.02339911460876465,
10454,10252,202,0.034461021423339844,
10454,10252,202,0.019852876663208008,
10454,10252,202,0.03240203857421875,
10454,10252,202,0.07773184776306152,
10454,10252,202,0.05908012390136719,
10454,10252,202,0.04454493522644043,
10454,10252,202,0.04492497444152832,
10454,10252,202,0.08004999160766602,
10454,10252,202,0.05041217803955078,
10454,10252,202,0.08204317092895508,
10454,10252,202,0.07803702354431152,
10454,10252,202,0.0332028865814209,
10454,10252,202,0.030426979064941406,
10454,10252,202,0.036186933517456055,
10454,10252,202,0.034005165100097656,
10454,10252,202,0.0846719741821289,
10454,10252,202,0.08510208129882812,
10454,10252,202,0.08198285102844238,
10454,10252,202,0.04734683036804199,
10454,10252,202,0.030287981033325195,
10454,10252,202,0.021713972091674805,
10454,10252,202,0.017177104949951172,
10454,10252,202,0.023910045623779297,
10454,10252,202,0.015600919723510742,
10454,10252,202,0.011636018753051758,
10454,10252,202,0.011844873428344727,
10454,10252,202,0.009567022323608398,
10454,10252,202,0.01063680648803711,
10454,10252,202,0.010775089263916016,
10454,10252,202,0.01111602783203125,
10454,10252,202,0.014159202575683594,
10454,10252,202,0.018477916717529297,
10454,10252,202,0.014493942260742188,
10454,10252,202,0.016788959503173828,
10454,10252,202,0.011752128601074219,
10454,10252,202,0.009230852127075195,
10454,10252,202,0.012774944305419922,
10454,10252,202,0.009222030639648438,
10454,10252,202,0.009876012802124023,
10454,10252,202,0.010377883911132812,
10454,10252,202,0.011546850204467773,
10454,10252,202,0.009356021881103516,
10454,10252,202,0.013136148452758789,
10454,10252,202,0.01152491569519043,
10454,10252,202,0.009396076202392578,
10454,10252,202,0.022497892379760742,
10454,10252,202,0.011873960494995117,
10454,10252,202,0.01213216781616211,
10454,10252,202,0.00879979133605957,
10454,10252,202,0.01099085807800293,
10454,10252,202,0.010103940963745117,
10454,10252,202,0.013293027877807617,
10454,10252,202,0.011958837509155273,
10454,10252,202,0.013739824295043945,
10454,10252,202,0.017398834228515625,
10454,10252,202,0.013993024826049805,
10454,10252,202,0.008443117141723633,
10454,10252,202,0.01449894905090332,
10454,10252,202,0.010498046875,
10454,10252,202,0.012198925018310547,
10454,10252,202,0.012551069259643555,
10454,10252,202,0.009417057037353516,
10454,10252,202,0.01543116569519043,
10454,10252,202,0.008496999740600586,
10454,10252,202,0.009366035461425781,
10454,10252,202,0.011757135391235352,
10454,10252,202,0.009021997451782227,
10454,10252,202,0.00951385498046875,
10454,10252,202,0.010174989700317383,
10454,10252,202,0.010370016098022461,
10454,10252,202,0.012009859085083008,
10454,10252,202,0.016402006149291992,
10454,10252,202,0.009829998016357422,
10454,10252,202,0.016933202743530273,
10454,10252,202,0.012423992156982422,
10454,10252,202,0.010874032974243164,
10454,10252,202,0.008273839950561523,
10454,10252,202,0.014867067337036133,
10454,10252,202,0.01091909408569336,
10454,10252,202,0.015111923217773438,
10454,10252,202,0.01369786262512207,
10454,10252,202,0.013473987579345703,
10454,10252,202,0.014078140258789062,
10454,10252,202,0.00981283187866211,
10454,10252,202,0.00978708267211914,
10454,10252,202,0.013170003890991211,
10454,10252,202,0.0115509033203125,
10454,10252,202,0.013197898864746094,
10454,10252,202,0.01013493537902832,
10454,10252,202,0.01609492301940918,
10454,10252,202,0.01129293441772461,
10454,10252,202,0.01291799545288086,
10454,10252,202,0.01649308204650879,
10454,10252,202,0.009825944900512695,
10454,10252,202,0.011118888854980469,
10454,10252,202,0.009752988815307617,
10454,10252,202,0.009485006332397461,
10454,10252,202,0.012765884399414062,
10454,10252,202,0.010228872299194336,
10454,10252,202,0.012311935424804688,
10454,10252,202,0.00861811637878418,
10454,10252,202,0.014053106307983398,
10454,10252,202,0.009485960006713867,
10454,10252,202,0.011836051940917969,
10454,10252,202,0.010404825210571289,
10454,10252,202,0.00789499282836914,
10454,10252,202,0.012348175048828125,
10454,10252,202,0.011013984680175781,
10454,10252,202,0.010581016540527344,
10454,10252,202,0.016488075256347656,
10454,10252,202,0.009492874145507812,
10454,10252,202,0.010701179504394531,
10454,10252,202,0.010557174682617188,
10454,10252,202,0.009304046630859375,
10454,10252,202,0.010251998901367188,
10454,10252,202,0.019560813903808594,
10454,10252,202,0.014904975891113281,
10454,10252,202,0.01125788688659668,
10454,10252,202,0.012157201766967773,
10454,10252,202,0.012057065963745117,
10454,10252,202,0.011708974838256836,
10454,10252,202,0.013002157211303711,
10454,10252,202,0.014593124389648438,
10454,10252,202,0.014070987701416016,
10454,10252,202,0.014686107635498047,
10454,10252,202,0.011456966400146484,
10454,10252,202,0.015512943267822266,
10454,10252,202,0.014203071594238281,
10454,10252,202,0.011280059814453125,
10454,10252,202,0.012495040893554688,
10454,10252,202,0.01081705093383789,
10454,10252,202,0.009176969528198242,
10454,10252,202,0.013583183288574219,
10454,10252,202,0.010519027709960938,
10454,10252,202,0.011610984802246094,
10454,10252,202,0.009619951248168945,
10454,10252,202,0.009457111358642578,
10454,10252,202,0.014766931533813477,
10454,10252,202,0.011483907699584961,
10454,10252,202,0.012276172637939453,
10454,10252,202,0.013343095779418945,
10454,10252,202,0.011193037033081055,
10454,10252,202,0.008168935775756836,
10454,10252,202,0.009620904922485352,
10454,10252,202,0.013262033462524414,
10454,10252,202,0.010792016983032227,
10454,10252,202,0.011458158493041992,
10454,10252,202,0.012003898620605469,
10454,10252,202,0.013291120529174805,
10454,10252,202,0.017956972122192383,
10454,10252,202,0.011709928512573242,
10454,10252,202,0.014568090438842773,
10454,10252,202,0.011744022369384766,
10454,10252,202,0.012530088424682617,
10454,10252,202,0.012501955032348633,
10454,10252,202,0.013598918914794922,
10454,10252,202,0.014492034912109375,
10454,10252,202,0.011205911636352539,
10454,10252,202,0.01678919792175293,
10454,10252,202,0.01798701286315918,
10454,10252,202,0.011529922485351562,
10454,10252,202,0.010514020919799805,
10454,10252,202,0.020121097564697266,
10454,10252,202,0.011095046997070312,
10454,10252,202,0.01400613784790039,
10454,10252,202,0.010598897933959961,
10454,10252,202,0.01229405403137207,
10454,10252,202,0.011963844299316406,
10454,10252,202,0.011023998260498047,
10454,10252,202,0.012629985809326172,
10454,10252,202,0.012609004974365234,
10454,10252,202,0.011497020721435547,
10454,10252,202,0.016657114028930664,
10454,10252,202,0.016551971435546875,
10454,10252,202,0.01340794563293457,
10454,10252,202,0.01261591911315918,
10454,10252,202,0.013933897018432617,
10454,10252,202,0.011584997177124023,
10454,10252,202,0.014584064483642578,
10454,10252,202,0.012312889099121094,
10454,10252,202,0.009883880615234375,
10454,10252,202,0.012182950973510742,
10454,10252,202,0.012877941131591797,
10454,10252,202,0.015776872634887695,
10454,10252,202,0.012884140014648438,
10454,10252,202,0.011214017868041992,
10454,10252,202,0.011955022811889648,
10454,10252,202,0.012309074401855469,
10454,10252,202,0.015408039093017578,
10454,10252,202,0.01871204376220703,
10454,10252,202,0.012574911117553711,
10454,10252,202,0.016867876052856445,
10454,10252,202,0.009499073028564453,
10454,10252,202,0.012634038925170898,
10454,10252,202,0.014544010162353516,
10454,10252,202,0.016588926315307617,
10454,10252,202,0.014165163040161133,
10454,10252,202,0.010605096817016602,
10454,10252,202,0.011501073837280273,
10454,10252,202,0.014814138412475586,
10454,10252,202,0.015401124954223633,
10454,10252,202,0.009248018264770508,
10454,10252,202,0.012585163116455078,
10454,10252,202,0.013585805892944336,
10454,10252,202,0.011935949325561523,
10454,10252,202,0.013927936553955078,
10454,10252,202,0.00828099250793457,
10454,10252,202,0.011594057083129883,
10454,10252,202,0.01456904411315918,
10454,10252,202,0.012923002243041992,
10454,10252,202,0.009320974349975586,
10454,10252,202,0.12086200714111328,
10454,10252,202,0.010982036590576172,
10454,10252,202,0.011998891830444336,
10454,10252,202,0.008051872253417969,
10454,10252,202,0.011790037155151367,
10454,10252,202,0.011079072952270508,
10454,10252,202,0.010999917984008789,
10454,10252,202,0.00967097282409668,
10454,10252,202,0.008511066436767578,
10454,10252,202,0.010312080383300781,
10454,10252,202,0.008623838424682617,
10454,10252,202,0.01035308837890625,
10454,10252,202,0.012050867080688477,
10454,10252,202,0.011322021484375,
10454,10252,202,0.010009050369262695,
10454,10252,202,0.011034965515136719,
10454,10252,202,0.010921955108642578,
10454,10252,202,0.01002812385559082,
10454,10252,202,0.00887298583984375,
10454,10252,202,0.013618946075439453,
10454,10252,202,0.010562896728515625,
10454,10252,202,0.01099705696105957,
10454,10252,202,0.01001119613647461,
10454,10252,202,0.00966501235961914,
10454,10252,202,0.012117147445678711,
10454,10252,202,0.010264873504638672,
10454,10252,202,0.011659860610961914,
10454,10252,202,0.042257070541381836,
10454,10252,202,0.13640308380126953,
10454,10252,202,0.016208887100219727,
10454,10252,202,0.126115083694458,
10454,10252,202,0.015820980072021484,
10454,10252,202,0.022793054580688477,
10454,10252,202,0.014033079147338867,
10454,10252,202,0.1654348373413086,
10454,10252,202,0.016160964965820312,
10454,10252,202,0.027837038040161133,
10454,10252,202,0.011544942855834961,
10454,10252,202,0.01783609390258789,
10454,10252,202,0.012829065322875977,
10454,10252,202,0.12611603736877441,
10454,10252,202,0.015141010284423828,
10454,10252,202,0.018376827239990234,
10454,10252,202,0.015208959579467773,
10454,10252,202,0.01579904556274414,
10454,10252,202,0.01335000991821289,
10454,10252,202,0.014706134796142578,
10454,10252,202,0.012125015258789062,
10454,10252,202,0.015302896499633789,
10454,10252,202,0.00899505615234375,
10454,10252,202,0.013862848281860352,
10454,10252,202,0.012934207916259766,
10454,10252,202,0.011946916580200195,
10454,10252,202,0.013341188430786133,
10454,10252,202,0.010783910751342773,
10454,10252,202,0.01885199546813965,
10454,10252,202,0.011085033416748047,
10454,10252,202,0.011884927749633789,
10454,10252,202,0.12537193298339844,
10454,10252,202,0.015864849090576172,
10454,10252,202,0.011734962463378906,
10454,10252,202,0.015738964080810547,
10454,10252,202,0.013031005859375,
10454,10252,202,0.011648893356323242,
10454,10252,202,0.013829946517944336,
10454,10252,202,0.028558015823364258,
10454,10252,202,0.011765003204345703,
10454,10252,202,0.012175798416137695,
10454,10252,202,0.01507115364074707,
10454,10252,202,0.01233983039855957,
10454,10252,202,0.01576399803161621,
10454,10252,202,0.011934995651245117,
10454,10252,202,0.010413885116577148,
10454,10252,202,0.01144099235534668,
10454,10252,202,0.011898040771484375,
10454,10252,202,0.010849952697753906,
10454,10252,202,0.11775088310241699,
10454,10252,202,0.018413066864013672,
10454,10252,202,0.014948844909667969,
10454,10252,202,0.010243892669677734,
10454,10252,202,0.010915994644165039,
10454,10252,202,0.12967419624328613,
10454,10252,202,0.015568971633911133,
10454,10252,202,0.009962797164916992,
10454,10252,202,0.15363097190856934,
10454,10252,202,0.012219905853271484,
10454,10252,202,0.01356196403503418,
10454,10252,202,0.020878076553344727,
10454,10252,202,0.010756969451904297,
10454,10252,202,0.026555776596069336,
10454,10252,202,0.013904094696044922,
10454,10252,202,0.011482000350952148,
10454,10252,202,0.009114980697631836,
10454,10252,202,0.14177203178405762,
10454,10252,202,0.0114898681640625,
10454,10252,202,0.012745141983032227,
10454,10252,202,0.011717796325683594,
10454,10252,202,0.011710166931152344,
10454,10252,202,0.011066913604736328,
10454,10252,202,0.012511014938354492,
10454,10252,202,0.01190185546875,
10454,10252,202,0.009871959686279297,
10454,10252,202,0.008755922317504883,
10454,10252,202,0.00864410400390625,
10454,10252,202,0.0077190399169921875,
10454,10252,202,0.010204076766967773,
10454,10252,202,0.013417959213256836,
10454,10252,202,0.01190805435180664,
10454,10252,202,0.014516830444335938,
10454,10252,202,0.010447978973388672,
10454,10252,202,0.011466026306152344,
10454,10252,202,0.011667966842651367,
10454,10252,202,0.013149023056030273,
10454,10252,202,0.015672922134399414,
10454,10252,202,0.010664939880371094,
10454,10252,202,0.012485980987548828,
10454,10252,202,0.014938116073608398,
10454,10252,202,0.007625102996826172,
10454,10252,202,0.012044906616210938,
10454,10252,202,0.009987831115722656,
10454,10252,202,0.00980997085571289,
10454,10252,202,0.011961936950683594,
10454,10252,202,0.013799905776977539,
10454,10252,202,0.011721134185791016,
10454,10252,202,0.011560201644897461,
10454,10252,202,0.016232013702392578,
10454,10252,202,0.013620853424072266,
10454,10252,202,0.013525009155273438,
10454,10252,202,0.014215946197509766,
10454,10252,202,0.012788057327270508,
10454,10252,202,0.010419845581054688,
10454,10252,202,0.012794017791748047,
10454,10252,202,0.012557029724121094,
10454,10252,202,0.012587785720825195,
10454,10252,202,0.012546062469482422,
10454,10252,202,0.011529922485351562,
10454,10252,202,0.011772871017456055,
10454,10252,202,0.014387130737304688,
10454,10252,202,0.010272979736328125,
10454,10252,202,0.011497020721435547,
10454,10252,202,0.00970005989074707,
10454,10252,202,0.01283407211303711,
10454,10252,202,0.013560056686401367,
10454,10252,202,0.012099981307983398,
10454,10252,202,0.009158134460449219,
10454,10252,202,0.008643865585327148,
10454,10252,202,0.01288604736328125,
10454,10252,202,0.010004043579101562,
10454,10252,202,0.013215780258178711,
10454,10252,202,0.012192010879516602,
10454,10252,202,0.008263111114501953,
10454,10252,202,0.012894868850708008,
10454,10252,202,0.011115074157714844,
10454,10252,202,0.011458873748779297,
10454,10252,202,0.010118961334228516,
10454,10252,202,0.010631084442138672,
10454,10252,202,0.013009071350097656,
10454,10252,202,0.011637210845947266,
10454,10252,202,0.012857913970947266,
10454,10252,202,0.013985872268676758,
10454,10252,202,0.009958982467651367,
10454,10252,202,0.015233993530273438,
10454,10252,202,0.012418985366821289,
10454,10252,202,0.011219024658203125,
10454,10252,202,0.011951923370361328,
10454,10252,202,0.00840616226196289,
10454,10252,202,0.010420083999633789,
10454,10252,202,0.014442920684814453,
10454,10252,202,0.013265848159790039,
10454,10252,202,0.10178709030151367,
10454,10252,202,0.008954048156738281,
10454,10252,202,0.02085709571838379,
10454,10252,202,0.018690109252929688,
10454,10252,202,0.017343997955322266,
10454,10252,202,0.014074087142944336,
10454,10252,202,0.884680986404419,
10454,10252,202,0.2002699375152588,
10454,10252,202,0.015961885452270508,
10454,10252,202,0.029983997344970703,
10454,10252,202,0.014241933822631836,
10454,10252,202,0.012358903884887695,
10454,10252,202,0.13985395431518555,
10454,10252,202,0.013092041015625,
10454,10252,202,0.09493017196655273,
10454,10252,202,0.030951976776123047,
10454,10252,202,0.014860153198242188,
10454,10252,202,0.013851165771484375,
10454,10252,202,0.016010046005249023,
10454,10252,202,0.018732070922851562,
10454,10252,202,0.014961957931518555,
10454,10252,202,0.014160871505737305,
10454,10252,202,0.013949871063232422,
10454,10252,202,0.021600008010864258,
10454,10252,202,0.01822805404663086,
10454,10252,202,0.08112812042236328,
10454,10252,202,0.014587163925170898,
10454,10252,202,0.02117609977722168,
10454,10252,202,0.013139963150024414,
10454,10252,202,0.012810945510864258,
10454,10252,202,0.018672943115234375,
10454,10252,202,0.0205080509185791,
10454,10252,202,0.016362905502319336,
10454,10252,202,0.014672040939331055,
10454,10252,202,0.015256881713867188,
10454,10252,202,0.013323068618774414,
10454,10252,202,0.014831066131591797,
10454,10252,202,0.008928775787353516,
10454,10252,202,0.014668941497802734,
10454,10252,202,0.015316009521484375,
10454,10252,202,0.022539854049682617,
10454,10252,202,0.02569413185119629,
10454,10252,202,0.01585102081298828,
10454,10252,202,0.023416996002197266,
10454,10252,202,0.026140213012695312,
10454,10252,202,0.04781389236450195,
10454,10252,202,0.015089988708496094,
10454,10252,202,0.02005791664123535,
10454,10252,202,0.04355192184448242,
10454,10252,202,0.15469002723693848,
10454,10252,202,0.021281957626342773,
10454,10252,202,0.23758196830749512,
10454,10252,202,0.020897865295410156,
10454,10252,202,0.02347087860107422,
10454,10252,202,0.014367818832397461,
10454,10252,202,0.011603116989135742,
10454,10252,202,0.017028093338012695,
10454,10252,202,0.012630939483642578,
10454,10252,202,0.01685309410095215,
10454,10252,202,0.01910400390625,
10454,10252,202,0.027891874313354492,
10454,10252,202,0.014429092407226562,
10454,10252,202,0.021725893020629883,
10454,10252,202,0.07750201225280762,
10454,10252,202,0.7161810398101807,
10454,10252,202,0.12624096870422363,
10454,10252,202,0.11814999580383301,
10454,10252,202,0.042755842208862305,
10454,10252,202,0.032898902893066406,
10454,10252,202,0.029247045516967773,
10454,10252,202,0.014054059982299805,
10454,10252,202,0.010972023010253906,
10454,10252,202,0.018805980682373047,
10454,10252,202,0.013939142227172852,
10454,10252,202,0.02789306640625,
10454,10252,202,0.020701169967651367,
10454,10252,202,0.019376039505004883,
10454,10252,202,0.024287939071655273,
10454,10252,202,0.010370969772338867,
10454,10252,202,0.018763065338134766,
10454,10252,202,0.010377168655395508,
10454,10252,202,0.013360977172851562,
10454,10252,202,0.015291929244995117,
10454,10252,202,0.03395700454711914,
10454,10252,202,0.025300025939941406,
10454,10252,202,0.014986038208007812,
10454,10252,202,0.018750905990600586,
10454,10252,202,0.01917099952697754,
10454,10252,202,0.012249946594238281,
10454,10252,202,0.014181137084960938,
10454,10252,202,0.01572108268737793,
10454,10252,202,0.013717889785766602,
10454,10252,202,0.013401985168457031,
10454,10252,202,0.012408971786499023,
10454,10252,202,0.01356196403503418,
10454,10252,202,0.013230085372924805,
10454,10252,202,0.017505884170532227,
10454,10252,202,0.012124776840209961,
10454,10252,202,0.29108595848083496,
10454,10252,202,0.014338016510009766,
10454,10252,202,0.012917041778564453,
10454,10252,202,0.03611588478088379,
10454,10252,202,0.021503925323486328,
10454,10252,202,0.03319597244262695,
10454,10252,202,0.014939069747924805,
10454,10252,202,0.020019054412841797,
10454,10252,202,0.018822193145751953,
10454,10252,202,0.02511906623840332,
10454,10252,202,0.021565914154052734,
10454,10252,202,0.01815485954284668,
10454,10252,202,0.008790016174316406,
10454,10252,202,0.02144789695739746,
10454,10252,202,0.019311904907226562,
10454,10252,202,0.016978025436401367,
10454,10252,202,0.015686988830566406,
10454,10252,202,0.024471044540405273,
10454,10252,202,0.014900922775268555,
10454,10252,202,0.019852161407470703,
10454,10252,202,0.021185874938964844,
10454,10252,202,0.02756810188293457,
10454,10252,202,0.018445968627929688,
10454,10252,202,0.018051862716674805,
10454,10252,202,0.0245668888092041,
10454,10252,202,0.02244114875793457,
10454,10252,202,0.016522884368896484,
10454,10252,202,0.012995004653930664,
10454,10252,202,0.018244028091430664,
10454,10252,202,0.014744997024536133,
10454,10252,202,0.02100515365600586,
10454,10252,202,0.014513969421386719,
10454,10252,202,0.011390924453735352,
10454,10252,202,0.014450788497924805,
10454,10252,202,0.013142824172973633,
10454,10252,202,0.011380910873413086,
10454,10252,202,0.010610103607177734,
10454,10252,202,0.018765926361083984,
10454,10252,202,0.019047975540161133,
10454,10252,202,0.045130014419555664,
10454,10252,202,0.015420913696289062,
10454,10252,202,0.01650094985961914,
10454,10252,202,0.009482145309448242,
10454,10252,202,0.01614999771118164,
10454,10252,202,0.013628959655761719,
10454,10252,202,0.011948108673095703,
10454,10252,202,0.010374069213867188,
10454,10252,202,0.015290975570678711,
10454,10252,202,0.016265869140625,
10454,10252,202,0.011411905288696289,
10454,10252,202,0.027360200881958008,
10454,10252,202,0.009046077728271484,
10454,10252,202,0.008675098419189453,
10454,10252,202,0.00971078872680664,
10454,10252,202,0.01079702377319336,
10454,10252,202,0.012443065643310547,
10454,10252,202,0.014271020889282227,
10454,10252,202,0.01537322998046875,
10454,10252,202,0.011333942413330078,
10454,10252,202,0.016177892684936523,
10454,10252,202,0.016761064529418945,
10454,10252,202,0.013844966888427734,
10454,10252,202,0.01647496223449707,
10454,10252,202,0.013725996017456055,
10454,10252,202,0.016508102416992188,
10454,10252,202,0.053761959075927734,
10454,10252,202,0.01262807846069336,
10454,10252,202,0.010645866394042969,
10454,10252,202,0.009139060974121094,
10454,10252,202,0.018157958984375,
10454,10252,202,0.00923609733581543,
10454,10252,202,0.012011051177978516,
10454,10252,202,0.018281936645507812,
10454,10252,202,0.012830018997192383,
10454,10252,202,0.01275014877319336,
10454,10252,202,0.009708166122436523,
10454,10252,202,0.010743856430053711,
10454,10252,202,0.01016092300415039,
10454,10252,202,0.018676042556762695,
10454,10252,202,0.010868072509765625,
10454,10252,202,0.010049104690551758,
10454,10252,202,0.011744976043701172,
10454,10252,202,0.007567167282104492,
10454,10252,202,0.008673906326293945,
10454,10252,202,0.011088132858276367,
10454,10252,202,0.008978843688964844,
10454,10252,202,0.010471820831298828,
10454,10252,202,0.01554107666015625,
10454,10252,202,0.009031057357788086,
10454,10252,202,0.015463113784790039,
10454,10252,202,0.012127876281738281,
10454,10252,202,0.009395122528076172,
10454,10252,202,0.007916927337646484,
10454,10252,202,0.01382589340209961,
10454,10252,202,0.009620904922485352,
10454,10252,202,0.012244939804077148,
10454,10252,202,0.026404857635498047,
10454,10252,202,0.013607978820800781,
10454,10252,202,0.013625860214233398,
10454,10252,202,0.018863201141357422,
10454,10252,202,0.010871171951293945,
10454,10252,202,0.009713172912597656,
10454,10252,202,0.009266853332519531,
10454,10252,202,0.012902975082397461,
10454,10252,202,0.010024070739746094,
10454,10252,202,0.0165708065032959,
10454,10252,202,0.012830972671508789,
10454,10252,202,0.009405851364135742,
10454,10252,202,0.012629032135009766,
10454,10252,202,0.010540008544921875,
10454,10252,202,0.014742136001586914,
10454,10252,202,0.016415834426879883,
10454,10252,202,0.010827064514160156,
10454,10252,202,0.009212970733642578,
10454,10252,202,0.02142500877380371,
10454,10252,202,0.011507034301757812,
10454,10252,202,0.01730799674987793,
10454,10252,202,0.013401031494140625,
10454,10252,202,0.014049053192138672,
10454,10252,202,0.010270118713378906,
10454,10252,202,0.013883829116821289,
10454,10252,202,0.010467052459716797,
10454,10252,202,0.014443159103393555,
10454,10252,202,0.011057853698730469,
10454,10252,202,0.015636920928955078,
10454,10252,202,0.010597944259643555,
10454,10252,202,0.010338068008422852,
10454,10252,202,0.014094114303588867,
10454,10252,202,0.010410070419311523,
10454,10252,202,0.00980687141418457,
10454,10252,202,0.010561943054199219,
10454,10252,202,0.009885072708129883,
10454,10252,202,0.008924007415771484,
10454,10252,202,0.47742700576782227,
10454,10252,202,0.08167099952697754,
10454,10252,202,0.012373924255371094,
10454,10252,202,0.01165008544921875,
10454,10252,202,0.012067079544067383,
10454,10252,202,0.012246131896972656,
10454,10252,202,0.013096809387207031,
10454,10252,202,0.010384798049926758,
10454,10252,202,0.011775016784667969,
10454,10252,202,0.011441946029663086,
10454,10252,202,0.013100147247314453,
10454,10252,202,0.012563943862915039,
10454,10252,202,0.01882004737854004,
10454,10252,202,0.013072013854980469,
10454,10252,202,0.01601099967956543,
10454,10252,202,0.010088205337524414,
10454,10252,202,0.010829925537109375,
10454,10252,202,0.024070024490356445,
10454,10252,202,0.02735304832458496,
10454,10252,202,0.021598100662231445,
10454,10252,202,0.018404006958007812,
10454,10252,202,0.018440961837768555,
10454,10252,202,0.012044191360473633,
10454,10252,202,0.014790058135986328,
10454,10252,202,0.021049976348876953,
10454,10252,202,0.012742042541503906,
10454,10252,202,0.017163991928100586,
10454,10252,202,0.012525081634521484,
10454,10252,202,0.010216951370239258,
10454,10252,202,0.04307699203491211,
10454,10252,202,0.474484920501709,
10454,10252,202,0.2792999744415283,
10454,10252,202,0.11228704452514648,
10454,10252,202,0.036847829818725586,
10454,10252,202,0.0972909927368164,
10454,10252,202,0.27427220344543457,
10454,10252,202,0.011473894119262695,
10454,10252,202,0.014925003051757812,
10454,10252,202,0.015197038650512695,
10454,10252,202,0.012089014053344727,
10454,10252,202,0.01090693473815918,
10454,10252,202,0.012808799743652344,
10454,10252,202,0.01665782928466797,
10454,10252,202,0.012755870819091797,
10454,10252,202,0.011007070541381836,
10454,10252,202,0.0115509033203125,
10454,10252,202,0.012217044830322266,
10454,10252,202,0.009790897369384766,
10454,10252,202,0.011713027954101562,
10454,10252,202,0.014955997467041016,
10454,10252,202,0.009537935256958008,
10454,10252,202,0.010525941848754883,
10454,10252,202,0.011255979537963867,
10454,10252,202,0.016484975814819336,
10454,10252,202,0.013655900955200195,
10454,10252,202,0.011096954345703125,
10454,10252,202,0.01365208625793457,
10454,10252,202,0.00940084457397461,
10454,10252,202,0.011312007904052734,
10454,10252,202,0.008188009262084961,
10454,10252,202,0.01182699203491211,
10454,10252,202,0.01196599006652832,
10454,10252,202,0.010342121124267578,
10454,10252,202,0.009910821914672852,
10454,10252,202,0.018175840377807617,
10454,10252,202,0.011059045791625977,
10454,10252,202,0.012068033218383789,
10454,10252,202,0.015340805053710938,
10454,10252,202,0.01073908805847168,
10454,10252,202,0.013061046600341797,
10454,10252,202,0.012318134307861328,
10454,10252,202,0.017297029495239258,
10454,10252,202,0.012325048446655273,
10454,10252,202,0.031867027282714844,
10454,10252,202,0.12281012535095215,
10454,10252,202,0.012790918350219727,
10454,10252,202,0.014178991317749023,
10454,10252,202,0.011448144912719727,
10454,10252,202,0.015262126922607422,
10454,10252,202,0.01282501220703125,
10454,10252,202,0.01212620735168457,
10454,10252,202,0.011012077331542969,
10454,10252,202,0.012725114822387695,
10454,10252,202,0.011097908020019531,
10454,10252,202,0.012612104415893555,
10454,10252,202,0.014033794403076172,
